{"info":{"year":"2025","version":"1","description":"Exported from roboflow.com","contributor":"","url":"https://public.roboflow.com/object-detection/undefined","date_created":"2025-01-02T18:51:33+00:00"},"licenses":[{"id":1,"url":"https://creativecommons.org/licenses/by/4.0/","name":"CC BY 4.0"}],"categories":[{"id":0,"name":"Pascal-VOC","supercategory":"none"},{"id":1,"name":"Needle_Tip","supercategory":"Pascal-VOC"},{"id":2,"name":"Needle_base","supercategory":"Pascal-VOC"},{"id":3,"name":"max_value","supercategory":"Pascal-VOC"},{"id":4,"name":"min_value","supercategory":"Pascal-VOC"}],"images":[{"id":0,"license":1,"file_name":"synthetic_gauge_40_png.rf.02f94fb7bbe7233c9c64268b89a42f40.jpg","height":640,"width":640,"date_captured":"2025-01-02T18:51:33+00:00"},{"id":1,"license":1,"file_name":"synthetic_gauge_31_png.rf.03785ad13e4b9f10000058e9fe29e12b.jpg","height":640,"width":640,"date_captured":"2025-01-02T18:51:33+00:00"},{"id":2,"license":1,"file_name":"synthetic_gauge_39_png.rf.08c31d48e6545568b6ef706240166017.jpg","height":640,"width":640,"date_captured":"2025-01-02T18:51:33+00:00"},{"id":3,"license":1,"file_name":"synthetic_gauge_26_png.rf.06e3eec67bb60d9793c2197851f6e6c0.jpg","height":640,"width":640,"date_captured":"2025-01-02T18:51:33+00:00"},{"id":4,"license":1,"file_name":"synthetic_gauge_35_png.rf.0bb12a2bdbb24b3dd0e7c599b01fb673.jpg","height":640,"width":640,"date_captured":"2025-01-02T18:51:33+00:00"},{"id":5,"license":1,"file_name":"161_jpg.rf.0e544959509aaa6753f591cb485c25ff.jpg","height":640,"width":640,"date_captured":"2025-01-02T18:51:33+00:00"},{"id":6,"license":1,"file_name":"synthetic_gauge_92_png.rf.0716bc11d7c6032a29b591d1d371ba3b.jpg","height":640,"width":640,"date_captured":"2025-01-02T18:51:33+00:00"},{"id":7,"license":1,"file_name":"000001_jpg.rf.01766ddea57cfb2af98fb5bc43df1b16.jpg","height":640,"width":640,"date_captured":"2025-01-02T18:51:33+00:00"},{"id":8,"license":1,"file_name":"synthetic_gauge_85_png.rf.12bd5cd2e706b6d90e3370f2e7d79414.jpg","height":640,"width":640,"date_captured":"2025-01-02T18:51:33+00:00"},{"id":9,"license":1,"file_name":"synthetic_gauge_11_png.rf.12bdd62e46f8f4f2b3a6a83aab28f66c.jpg","height":640,"width":640,"date_captured":"2025-01-02T18:51:33+00:00"},{"id":10,"license":1,"file_name":"090_jpg.rf.15699d35132241c70344fd7112d0e5ef.jpg","height":640,"width":640,"date_captured":"2025-01-02T18:51:33+00:00"},{"id":11,"license":1,"file_name":"synthetic_gauge_74_png.rf.16d860ed3f9f165b4606767e9df5142a.jpg","height":640,"width":640,"date_captured":"2025-01-02T18:51:33+00:00"},{"id":12,"license":1,"file_name":"synthetic_gauge_46_png.rf.1d32a206c429ea3adedc5ca15401b04e.jpg","height":640,"width":640,"date_captured":"2025-01-02T18:51:33+00:00"},{"id":13,"license":1,"file_name":"3-14HCB03CT501_2_17-00_jpg.rf.17499c3240d8fb4d62344ed0e4eecd52.jpg","height":640,"width":640,"date_captured":"2025-01-02T18:51:33+00:00"},{"id":14,"license":1,"file_name":"synthetic_gauge_7_png.rf.2169c559a653c34571dae8c80976f211.jpg","height":640,"width":640,"date_captured":"2025-01-02T18:51:33+00:00"},{"id":15,"license":1,"file_name":"synthetic_gauge_16_png.rf.18bd071d3110eca39274bd756f47fcb4.jpg","height":640,"width":640,"date_captured":"2025-01-02T18:51:33+00:00"},{"id":16,"license":1,"file_name":"000090_jpg.rf.2c0975a843bde40267b4bb0cf7eded0d.jpg","height":640,"width":640,"date_captured":"2025-01-02T18:51:33+00:00"},{"id":17,"license":1,"file_name":"synthetic_gauge_13_png.rf.1d33811e42021bdd13f2cc8403ff9b8f.jpg","height":640,"width":640,"date_captured":"2025-01-02T18:51:33+00:00"},{"id":18,"license":1,"file_name":"synthetic_gauge_94_png.rf.2f09c8d1f3e72fb8c11c8e815892fc6c.jpg","height":640,"width":640,"date_captured":"2025-01-02T18:51:33+00:00"},{"id":19,"license":1,"file_name":"synthetic_gauge_91_png.rf.3d4b01d554d066793b6b707ce3ea71f1.jpg","height":640,"width":640,"date_captured":"2025-01-02T18:51:33+00:00"},{"id":20,"license":1,"file_name":"synthetic_gauge_71_png.rf.339cc204faf4f10b02ce4d076311299b.jpg","height":640,"width":640,"date_captured":"2025-01-02T18:51:33+00:00"},{"id":21,"license":1,"file_name":"047_jpg.rf.1f690116bdcca5d95cdc0ee715cba5b2.jpg","height":640,"width":640,"date_captured":"2025-01-02T18:51:33+00:00"},{"id":22,"license":1,"file_name":"synthetic_gauge_28_png.rf.2de9ef7ff2a2c8bca8a1f06e564a81a6.jpg","height":640,"width":640,"date_captured":"2025-01-02T18:51:33+00:00"},{"id":23,"license":1,"file_name":"XXX003_jpg.rf.2bfe0513d52f33019ce62eeedcde6052.jpg","height":640,"width":640,"date_captured":"2025-01-02T18:51:33+00:00"},{"id":24,"license":1,"file_name":"169_jpg.rf.4260d980e7bf452eabd8374393d21dc9.jpg","height":640,"width":640,"date_captured":"2025-01-02T18:51:33+00:00"},{"id":25,"license":1,"file_name":"synthetic_gauge_48_png.rf.391584840103a45335018753cc456ca5.jpg","height":640,"width":640,"date_captured":"2025-01-02T18:51:33+00:00"},{"id":26,"license":1,"file_name":"084_jpg.rf.39fb5f404b01892c8302e68eafae6b26.jpg","height":640,"width":640,"date_captured":"2025-01-02T18:51:33+00:00"},{"id":27,"license":1,"file_name":"153_jpg.rf.45550b3d1064b0bc0d08bc3dd711d96c.jpg","height":640,"width":640,"date_captured":"2025-01-02T18:51:33+00:00"},{"id":28,"license":1,"file_name":"synthetic_gauge_69_png.rf.2915040531ef60ffe6082dde59d90a48.jpg","height":640,"width":640,"date_captured":"2025-01-02T18:51:33+00:00"},{"id":29,"license":1,"file_name":"synthetic_gauge_93_png.rf.230d06c084c276bfe818f8e287c48e4f.jpg","height":640,"width":640,"date_captured":"2025-01-02T18:51:33+00:00"},{"id":30,"license":1,"file_name":"synthetic_gauge_45_png.rf.323a4edc53c4d6ac6d96e095536e5a26.jpg","height":640,"width":640,"date_captured":"2025-01-02T18:51:33+00:00"},{"id":31,"license":1,"file_name":"146_jpg.rf.304887b77646aacc934090abc0da1228.jpg","height":640,"width":640,"date_captured":"2025-01-02T18:51:33+00:00"},{"id":32,"license":1,"file_name":"synthetic_gauge_10_png.rf.456c03f46dfbf6541ee7cef6a32df65d.jpg","height":640,"width":640,"date_captured":"2025-01-02T18:51:33+00:00"},{"id":33,"license":1,"file_name":"synthetic_gauge_63_png.rf.0f8477469cc7b56d507844c2721ca9d0.jpg","height":640,"width":640,"date_captured":"2025-01-02T18:51:33+00:00"},{"id":34,"license":1,"file_name":"synthetic_gauge_96_png.rf.4e805102c7354cf6a15f93c5f7c203f3.jpg","height":640,"width":640,"date_captured":"2025-01-02T18:51:33+00:00"},{"id":35,"license":1,"file_name":"XXX002_jpg.rf.4aa538f4aa4854330181ee171e1fd883.jpg","height":640,"width":640,"date_captured":"2025-01-02T18:51:33+00:00"},{"id":36,"license":1,"file_name":"1-10-00-14HCB02CT001-1_jpg.rf.570474f0ae2d7810c2243154031ea474.jpg","height":640,"width":640,"date_captured":"2025-01-02T18:51:33+00:00"},{"id":37,"license":1,"file_name":"122_jpg.rf.4b3c9b48e81b558e4f81b9dd18512508.jpg","height":640,"width":640,"date_captured":"2025-01-02T18:51:33+00:00"},{"id":38,"license":1,"file_name":"000093_jpg.rf.76ddeb9dff6ce7b899082ef875e7b70e.jpg","height":640,"width":640,"date_captured":"2025-01-02T18:51:33+00:00"},{"id":39,"license":1,"file_name":"023_jpg.rf.599f448745a2bf0ea4188e6baf8edc58.jpg","height":640,"width":640,"date_captured":"2025-01-02T18:51:33+00:00"},{"id":40,"license":1,"file_name":"000108_jpg.rf.4f5c96353c1314ea0176e2aa4c79f9a4.jpg","height":640,"width":640,"date_captured":"2025-01-02T18:51:33+00:00"},{"id":41,"license":1,"file_name":"synthetic_gauge_20_png.rf.63932390f8b5fd787aba43933ade1534.jpg","height":640,"width":640,"date_captured":"2025-01-02T18:51:33+00:00"},{"id":42,"license":1,"file_name":"synthetic_gauge_42_png.rf.6371ae74372bf61ef0fde3759096456f.jpg","height":640,"width":640,"date_captured":"2025-01-02T18:51:33+00:00"},{"id":43,"license":1,"file_name":"XXX005_jpg.rf.519d7c80ae2ceec0a4886c764ba599b1.jpg","height":640,"width":640,"date_captured":"2025-01-02T18:51:33+00:00"},{"id":44,"license":1,"file_name":"synthetic_gauge_41_png.rf.6c89828881ea0276163484c8eb2d90e3.jpg","height":640,"width":640,"date_captured":"2025-01-02T18:51:33+00:00"},{"id":45,"license":1,"file_name":"synthetic_gauge_43_png.rf.670b7d8a578d4bb34094edf107c82256.jpg","height":640,"width":640,"date_captured":"2025-01-02T18:51:33+00:00"},{"id":46,"license":1,"file_name":"synthetic_gauge_90_png.rf.823c73c6bce0d6cd9a639f979084d6df.jpg","height":640,"width":640,"date_captured":"2025-01-02T18:51:33+00:00"},{"id":47,"license":1,"file_name":"000041_jpg.rf.7a8166d18a5e92b33c4f7e83387e9ab0.jpg","height":640,"width":640,"date_captured":"2025-01-02T18:51:33+00:00"},{"id":48,"license":1,"file_name":"XXX040_jpg.rf.57d9c8f131f1c09524345b43c7cdc0da.jpg","height":640,"width":640,"date_captured":"2025-01-02T18:51:33+00:00"},{"id":49,"license":1,"file_name":"170_jpg.rf.6882481f1355a54221f7091de2a1220b.jpg","height":640,"width":640,"date_captured":"2025-01-02T18:51:33+00:00"},{"id":50,"license":1,"file_name":"synthetic_gauge_8_png.rf.71c3f73d6761060cbc27f597186decb8.jpg","height":640,"width":640,"date_captured":"2025-01-02T18:51:33+00:00"},{"id":51,"license":1,"file_name":"synthetic_gauge_17_png.rf.76c4d7f4ac9344f9f583fb91613b1a30.jpg","height":640,"width":640,"date_captured":"2025-01-02T18:51:33+00:00"},{"id":52,"license":1,"file_name":"synthetic_gauge_33_png.rf.6739a17a08309d07b06b230622a51202.jpg","height":640,"width":640,"date_captured":"2025-01-02T18:51:33+00:00"},{"id":53,"license":1,"file_name":"synthetic_gauge_2_png.rf.4bf91815f16ac7ad1621c1c2c67432dd.jpg","height":640,"width":640,"date_captured":"2025-01-02T18:51:33+00:00"},{"id":54,"license":1,"file_name":"149_jpg.rf.7052ee65b041c2295cca3feb92ecccb2.jpg","height":640,"width":640,"date_captured":"2025-01-02T18:51:33+00:00"},{"id":55,"license":1,"file_name":"XXX046_jpg.rf.88fc84cc318114bda87ec5978af98997.jpg","height":640,"width":640,"date_captured":"2025-01-02T18:51:33+00:00"},{"id":56,"license":1,"file_name":"synthetic_gauge_59_png.rf.877ae671174f29b552df84d24581ce23.jpg","height":640,"width":640,"date_captured":"2025-01-02T18:51:33+00:00"},{"id":57,"license":1,"file_name":"synthetic_gauge_25_png.rf.825a38ac7b069c1c0a623618be1d8a9b.jpg","height":640,"width":640,"date_captured":"2025-01-02T18:51:33+00:00"},{"id":58,"license":1,"file_name":"synthetic_gauge_95_png.rf.857ff56d4d377c76266cb20b7faba5e5.jpg","height":640,"width":640,"date_captured":"2025-01-02T18:51:33+00:00"},{"id":59,"license":1,"file_name":"synthetic_gauge_36_png.rf.897ac6237e102cbd56e4ad2330979069.jpg","height":640,"width":640,"date_captured":"2025-01-02T18:51:33+00:00"},{"id":60,"license":1,"file_name":"synthetic_gauge_79_png.rf.9090715a63a42905afb2e78fbf1ce454.jpg","height":640,"width":640,"date_captured":"2025-01-02T18:51:33+00:00"},{"id":61,"license":1,"file_name":"000081_jpg.rf.71b40a43cf10747d5d55f7d0a9cd024e.jpg","height":640,"width":640,"date_captured":"2025-01-02T18:51:33+00:00"},{"id":62,"license":1,"file_name":"synthetic_gauge_60_png.rf.24efcb1ba71ffeb03cf582e4b3920f1e.jpg","height":640,"width":640,"date_captured":"2025-01-02T18:51:33+00:00"},{"id":63,"license":1,"file_name":"synthetic_gauge_80_png.rf.8973e212681a7c54913d970d483d7d06.jpg","height":640,"width":640,"date_captured":"2025-01-02T18:51:33+00:00"},{"id":64,"license":1,"file_name":"XXX057_jpg.rf.8b88027ef07a9cbad51daebb55f01633.jpg","height":640,"width":640,"date_captured":"2025-01-02T18:51:33+00:00"},{"id":65,"license":1,"file_name":"071_jpg.rf.b5fa4a60a547f240cacff8d90bc6ae74.jpg","height":640,"width":640,"date_captured":"2025-01-02T18:51:33+00:00"},{"id":66,"license":1,"file_name":"synthetic_gauge_44_png.rf.9993e9d6cbf2b925ac22b5fa027b6e7b.jpg","height":640,"width":640,"date_captured":"2025-01-02T18:51:33+00:00"},{"id":67,"license":1,"file_name":"016_jpg.rf.9170a9e1076a9e9572c9e69f0d7be0f2.jpg","height":640,"width":640,"date_captured":"2025-01-02T18:51:33+00:00"},{"id":68,"license":1,"file_name":"000042_jpg.rf.aeca44337f418e83510a479191157269.jpg","height":640,"width":640,"date_captured":"2025-01-02T18:51:33+00:00"},{"id":69,"license":1,"file_name":"synthetic_gauge_97_png.rf.9b30ca98f7c6f7926fdbcd2a069dfe82.jpg","height":640,"width":640,"date_captured":"2025-01-02T18:51:33+00:00"},{"id":70,"license":1,"file_name":"synthetic_gauge_23_png.rf.98dc310cb05b21c58f9ed63abb603461.jpg","height":640,"width":640,"date_captured":"2025-01-02T18:51:33+00:00"},{"id":71,"license":1,"file_name":"148_jpg.rf.a03f36449ff1e76245077465b1851d78.jpg","height":640,"width":640,"date_captured":"2025-01-02T18:51:33+00:00"},{"id":72,"license":1,"file_name":"synthetic_gauge_24_png.rf.a259747a007ede66f7f2b49e020f2be5.jpg","height":640,"width":640,"date_captured":"2025-01-02T18:51:33+00:00"},{"id":73,"license":1,"file_name":"synthetic_gauge_6_png.rf.b5c6880f5c21c3066178619c3b4b957e.jpg","height":640,"width":640,"date_captured":"2025-01-02T18:51:33+00:00"},{"id":74,"license":1,"file_name":"041_jpg.rf.a8be2b4f53a3fd707b8bf47cf5e02e01.jpg","height":640,"width":640,"date_captured":"2025-01-02T18:51:33+00:00"},{"id":75,"license":1,"file_name":"synthetic_gauge_62_png.rf.bc1f2948645c017d2dbf958d419e5bd6.jpg","height":640,"width":640,"date_captured":"2025-01-02T18:51:33+00:00"},{"id":76,"license":1,"file_name":"154_jpg.rf.9c9897cfa220848a1d567353d49e072e.jpg","height":640,"width":640,"date_captured":"2025-01-02T18:51:33+00:00"},{"id":77,"license":1,"file_name":"000036_jpg.rf.be5fceef47ced6dad1043d9a93aa8297.jpg","height":640,"width":640,"date_captured":"2025-01-02T18:51:33+00:00"},{"id":78,"license":1,"file_name":"synthetic_gauge_37_png.rf.b40c543015353934ba587df066ea9cc9.jpg","height":640,"width":640,"date_captured":"2025-01-02T18:51:33+00:00"},{"id":79,"license":1,"file_name":"synthetic_gauge_50_png.rf.b7cc86c970784f6e9942123b18d6848c.jpg","height":640,"width":640,"date_captured":"2025-01-02T18:51:33+00:00"},{"id":80,"license":1,"file_name":"145_jpg.rf.914bc85d707e20a6b73f6720bf43c04f.jpg","height":640,"width":640,"date_captured":"2025-01-02T18:51:33+00:00"},{"id":81,"license":1,"file_name":"synthetic_gauge_98_png.rf.49b9a0217cab2eb9958ace7ddfc46398.jpg","height":640,"width":640,"date_captured":"2025-01-02T18:51:33+00:00"},{"id":82,"license":1,"file_name":"042_jpg.rf.be5337b242cc3e671c83cfd6714f61a0.jpg","height":640,"width":640,"date_captured":"2025-01-02T18:51:33+00:00"},{"id":83,"license":1,"file_name":"synthetic_gauge_75_png.rf.c20cf58209030a94a0dad7fd5f5aa49a.jpg","height":640,"width":640,"date_captured":"2025-01-02T18:51:33+00:00"},{"id":84,"license":1,"file_name":"synthetic_gauge_1_png.rf.b86ce198512175e3ce8a33a20219f8f2.jpg","height":640,"width":640,"date_captured":"2025-01-02T18:51:33+00:00"},{"id":85,"license":1,"file_name":"088_jpg.rf.c64e74827b3f6f9ebcfae79fb8db0d30.jpg","height":640,"width":640,"date_captured":"2025-01-02T18:51:33+00:00"},{"id":86,"license":1,"file_name":"synthetic_gauge_57_png.rf.bef3b6870acb6212796f918b8bf9e6fd.jpg","height":640,"width":640,"date_captured":"2025-01-02T18:51:33+00:00"},{"id":87,"license":1,"file_name":"2-15-00-14HTD22CP501-2_jpg.rf.c40ad82bed0c4edde9a82856e052931d.jpg","height":640,"width":640,"date_captured":"2025-01-02T18:51:33+00:00"},{"id":88,"license":1,"file_name":"synthetic_gauge_66_png.rf.c6f10df053c1458bc7189feb02855b2e.jpg","height":640,"width":640,"date_captured":"2025-01-02T18:51:33+00:00"},{"id":89,"license":1,"file_name":"synthetic_gauge_15_png.rf.cfd49740d117a3495fd9017d339c10bc.jpg","height":640,"width":640,"date_captured":"2025-01-02T18:51:33+00:00"},{"id":90,"license":1,"file_name":"synthetic_gauge_88_png.rf.e34bb5653435ef1e7fc0b903534d87ce.jpg","height":640,"width":640,"date_captured":"2025-01-02T18:51:33+00:00"},{"id":91,"license":1,"file_name":"synthetic_gauge_81_png.rf.e768bf0887cb36f566f9784393b135fd.jpg","height":640,"width":640,"date_captured":"2025-01-02T18:51:33+00:00"},{"id":92,"license":1,"file_name":"008_jpg.rf.e24cd4177b270f7a8fcc6be394f568b8.jpg","height":640,"width":640,"date_captured":"2025-01-02T18:51:33+00:00"},{"id":93,"license":1,"file_name":"150_jpg.rf.d851caf750c899c497343003a6b8a48a.jpg","height":640,"width":640,"date_captured":"2025-01-02T18:51:33+00:00"},{"id":94,"license":1,"file_name":"1-11-00-14HTC11CT502-2_jpg.rf.d51d6076e237611e84cbd6eb3397b629.jpg","height":640,"width":640,"date_captured":"2025-01-02T18:51:33+00:00"},{"id":95,"license":1,"file_name":"synthetic_gauge_34_png.rf.df29914f12b45c82c719234c778ec75f.jpg","height":640,"width":640,"date_captured":"2025-01-02T18:51:33+00:00"},{"id":96,"license":1,"file_name":"synthetic_gauge_21_png.rf.d32583a64888bf5cd7c70ffeea26dd7f.jpg","height":640,"width":640,"date_captured":"2025-01-02T18:51:33+00:00"},{"id":97,"license":1,"file_name":"synthetic_gauge_4_png.rf.e005896373ff2e6fe04023192929fef0.jpg","height":640,"width":640,"date_captured":"2025-01-02T18:51:33+00:00"},{"id":98,"license":1,"file_name":"synthetic_gauge_18_png.rf.fb0dcd7b38e142f182bd9e8921c5afe5.jpg","height":640,"width":640,"date_captured":"2025-01-02T18:51:33+00:00"},{"id":99,"license":1,"file_name":"165_jpg.rf.e89409b364aa11ce4cc1abe24cffafca.jpg","height":640,"width":640,"date_captured":"2025-01-02T18:51:33+00:00"},{"id":100,"license":1,"file_name":"synthetic_gauge_5_png.rf.e4f25b97df8cb2094990cfd52ac78539.jpg","height":640,"width":640,"date_captured":"2025-01-02T18:51:33+00:00"}],"annotations":[{"id":0,"image_id":0,"category_id":2,"bbox":[284,298,72.5,62],"area":4495,"segmentation":[],"iscrowd":0},{"id":1,"image_id":0,"category_id":1,"bbox":[295,475,41.5,46.5],"area":1929.75,"segmentation":[],"iscrowd":0},{"id":2,"image_id":1,"category_id":2,"bbox":[285,292,76.5,63],"area":4819.5,"segmentation":[],"iscrowd":0},{"id":3,"image_id":1,"category_id":1,"bbox":[297,109,41.5,75.5],"area":3133.25,"segmentation":[],"iscrowd":0},{"id":4,"image_id":2,"category_id":2,"bbox":[303,294,30,58],"area":1740,"segmentation":[],"iscrowd":0},{"id":5,"image_id":2,"category_id":1,"bbox":[423,383,93,44.5],"area":4138.5,"segmentation":[],"iscrowd":0},{"id":6,"image_id":3,"category_id":2,"bbox":[291,282,53.5,78.5],"area":4199.75,"segmentation":[],"iscrowd":0},{"id":7,"image_id":3,"category_id":1,"bbox":[309,112,106.5,49.5],"area":5271.75,"segmentation":[],"iscrowd":0},{"id":8,"image_id":4,"category_id":2,"bbox":[284,298,72.5,62],"area":4495,"segmentation":[],"iscrowd":0},{"id":9,"image_id":4,"category_id":1,"bbox":[458,370,41.5,46.5],"area":1929.75,"segmentation":[],"iscrowd":0},{"id":10,"image_id":5,"category_id":2,"bbox":[294,280,48,73.5],"area":3528,"segmentation":[],"iscrowd":0},{"id":11,"image_id":5,"category_id":3,"bbox":[391,388,53.5,70.5],"area":3771.75,"segmentation":[],"iscrowd":0},{"id":12,"image_id":5,"category_id":1,"bbox":[190,379,87.5,66],"area":5775,"segmentation":[],"iscrowd":0},{"id":13,"image_id":5,"category_id":4,"bbox":[187,382,37.5,67],"area":2512.5,"segmentation":[],"iscrowd":0},{"id":14,"image_id":6,"category_id":1,"bbox":[183,140,68,57],"area":3876,"segmentation":[],"iscrowd":0},{"id":15,"image_id":6,"category_id":2,"bbox":[289,294,93,71],"area":6603,"segmentation":[],"iscrowd":0},{"id":16,"image_id":7,"category_id":2,"bbox":[289,192,65,64],"area":4160,"segmentation":[],"iscrowd":0},{"id":17,"image_id":7,"category_id":1,"bbox":[187,270,57.5,42],"area":2415,"segmentation":[],"iscrowd":0},{"id":18,"image_id":7,"category_id":4,"bbox":[204,283,45.5,56.5],"area":2570.75,"segmentation":[],"iscrowd":0},{"id":19,"image_id":7,"category_id":3,"bbox":[361,283,94,73],"area":6862,"segmentation":[],"iscrowd":0},{"id":20,"image_id":8,"category_id":2,"bbox":[300,292,40.5,75.5],"area":3057.75,"segmentation":[],"iscrowd":0},{"id":21,"image_id":8,"category_id":1,"bbox":[419,158,57,49.5],"area":2821.5,"segmentation":[],"iscrowd":0},{"id":22,"image_id":9,"category_id":2,"bbox":[284,298,72.5,62],"area":4495,"segmentation":[],"iscrowd":0},{"id":23,"image_id":9,"category_id":1,"bbox":[119,329,41.5,46.5],"area":1929.75,"segmentation":[],"iscrowd":0},{"id":24,"image_id":10,"category_id":1,"bbox":[112,362,72.5,49],"area":3552.5,"segmentation":[],"iscrowd":0},{"id":25,"image_id":10,"category_id":2,"bbox":[290,281,59.5,73.5],"area":4373.25,"segmentation":[],"iscrowd":0},{"id":26,"image_id":10,"category_id":4,"bbox":[155,397,72.5,33],"area":2392.5,"segmentation":[],"iscrowd":0},{"id":27,"image_id":10,"category_id":3,"bbox":[408,388,84.5,50],"area":4225,"segmentation":[],"iscrowd":0},{"id":28,"image_id":11,"category_id":2,"bbox":[284,298,72.5,62],"area":4495,"segmentation":[],"iscrowd":0},{"id":29,"image_id":11,"category_id":1,"bbox":[349,479,41.5,46.5],"area":1929.75,"segmentation":[],"iscrowd":0},{"id":30,"image_id":12,"category_id":2,"bbox":[303,294,30,58],"area":1740,"segmentation":[],"iscrowd":0},{"id":31,"image_id":12,"category_id":1,"bbox":[139,187,93,44.5],"area":4138.5,"segmentation":[],"iscrowd":0},{"id":32,"image_id":13,"category_id":2,"bbox":[284,285,62,63.5],"area":3937,"segmentation":[],"iscrowd":0},{"id":33,"image_id":13,"category_id":4,"bbox":[130,402,74.5,70],"area":5215,"segmentation":[],"iscrowd":0},{"id":34,"image_id":13,"category_id":3,"bbox":[404,408,92.5,59],"area":5457.5,"segmentation":[],"iscrowd":0},{"id":35,"image_id":13,"category_id":1,"bbox":[101,117,71,67.5],"area":4792.5,"segmentation":[],"iscrowd":0},{"id":36,"image_id":14,"category_id":2,"bbox":[283,294,69,50.5],"area":3484.5,"segmentation":[],"iscrowd":0},{"id":37,"image_id":14,"category_id":1,"bbox":[413,435,49.5,47.5],"area":2351.25,"segmentation":[],"iscrowd":0},{"id":38,"image_id":15,"category_id":2,"bbox":[296,297,63,64],"area":4032,"segmentation":[],"iscrowd":0},{"id":39,"image_id":15,"category_id":1,"bbox":[190,442,74.5,82.5],"area":6146.25,"segmentation":[],"iscrowd":0},{"id":40,"image_id":16,"category_id":4,"bbox":[265,396,34.5,76],"area":2622,"segmentation":[],"iscrowd":0},{"id":41,"image_id":16,"category_id":3,"bbox":[347,389,102.5,77.5],"area":7943.75,"segmentation":[],"iscrowd":0},{"id":42,"image_id":16,"category_id":2,"bbox":[294,300,54,65],"area":3510,"segmentation":[],"iscrowd":0},{"id":43,"image_id":16,"category_id":1,"bbox":[145,286,66,43],"area":2838,"segmentation":[],"iscrowd":0},{"id":44,"image_id":17,"category_id":2,"bbox":[284,298,72.5,62],"area":4495,"segmentation":[],"iscrowd":0},{"id":45,"image_id":17,"category_id":1,"bbox":[112,278,41.5,46.5],"area":1929.75,"segmentation":[],"iscrowd":0},{"id":46,"image_id":18,"category_id":2,"bbox":[284,298,72.5,62],"area":4495,"segmentation":[],"iscrowd":0},{"id":47,"image_id":18,"category_id":1,"bbox":[380,138,41.5,46.5],"area":1929.75,"segmentation":[],"iscrowd":0},{"id":48,"image_id":19,"category_id":2,"bbox":[284,298,72.5,62],"area":4495,"segmentation":[],"iscrowd":0},{"id":49,"image_id":19,"category_id":1,"bbox":[114,327,41.5,46.5],"area":1929.75,"segmentation":[],"iscrowd":0},{"id":50,"image_id":20,"category_id":2,"bbox":[284,298,72.5,62],"area":4495,"segmentation":[],"iscrowd":0},{"id":51,"image_id":20,"category_id":1,"bbox":[322,114,41.5,46.5],"area":1929.75,"segmentation":[],"iscrowd":0},{"id":52,"image_id":21,"category_id":2,"bbox":[276,271,95,106],"area":10070,"segmentation":[],"iscrowd":0},{"id":53,"image_id":21,"category_id":1,"bbox":[116,303,86,49],"area":4214,"segmentation":[],"iscrowd":0},{"id":54,"image_id":21,"category_id":4,"bbox":[290,412,63,62],"area":3906,"segmentation":[],"iscrowd":0},{"id":55,"image_id":21,"category_id":3,"bbox":[415,285,85,54],"area":4590,"segmentation":[],"iscrowd":0},{"id":56,"image_id":22,"category_id":2,"bbox":[298,296,46.5,51.5],"area":2394.75,"segmentation":[],"iscrowd":0},{"id":57,"image_id":22,"category_id":1,"bbox":[468,233,48.5,43.5],"area":2109.75,"segmentation":[],"iscrowd":0},{"id":58,"image_id":23,"category_id":2,"bbox":[244,248,166.5,132.5],"area":22061.25,"segmentation":[],"iscrowd":0},{"id":59,"image_id":23,"category_id":1,"bbox":[130,428,104,63],"area":6552,"segmentation":[],"iscrowd":0},{"id":60,"image_id":23,"category_id":4,"bbox":[160,405,97,74],"area":7178,"segmentation":[],"iscrowd":0},{"id":61,"image_id":23,"category_id":3,"bbox":[403,405,74,75],"area":5550,"segmentation":[],"iscrowd":0},{"id":62,"image_id":24,"category_id":2,"bbox":[286,259,64.5,70],"area":4515,"segmentation":[],"iscrowd":0},{"id":63,"image_id":24,"category_id":1,"bbox":[104,139,82,34.5],"area":2829,"segmentation":[],"iscrowd":0},{"id":64,"image_id":24,"category_id":3,"bbox":[403,127,66.5,50],"area":3325,"segmentation":[],"iscrowd":0},{"id":65,"image_id":24,"category_id":4,"bbox":[378,423,56,51.5],"area":2884,"segmentation":[],"iscrowd":0},{"id":66,"image_id":25,"category_id":2,"bbox":[284,298,72.5,62],"area":4495,"segmentation":[],"iscrowd":0},{"id":67,"image_id":25,"category_id":1,"bbox":[476,213,31,46.5],"area":1441.5,"segmentation":[],"iscrowd":0},{"id":68,"image_id":26,"category_id":1,"bbox":[225,127,66,74],"area":4884,"segmentation":[],"iscrowd":0},{"id":69,"image_id":26,"category_id":2,"bbox":[277,297,65,45.5],"area":2957.5,"segmentation":[],"iscrowd":0},{"id":70,"image_id":26,"category_id":3,"bbox":[375,390,86,60],"area":5160,"segmentation":[],"iscrowd":0},{"id":71,"image_id":26,"category_id":4,"bbox":[158,372,97,68.5],"area":6644.5,"segmentation":[],"iscrowd":0},{"id":72,"image_id":27,"category_id":2,"bbox":[358,268,73.5,51],"area":3748.5,"segmentation":[],"iscrowd":0},{"id":73,"image_id":27,"category_id":1,"bbox":[205,226,78,43.5],"area":3393,"segmentation":[],"iscrowd":0},{"id":74,"image_id":27,"category_id":3,"bbox":[436,149,46,53.5],"area":2461,"segmentation":[],"iscrowd":0},{"id":75,"image_id":27,"category_id":4,"bbox":[417,379,84.5,62],"area":5239,"segmentation":[],"iscrowd":0},{"id":76,"image_id":28,"category_id":2,"bbox":[284,298,72.5,62],"area":4495,"segmentation":[],"iscrowd":0},{"id":77,"image_id":28,"category_id":1,"bbox":[469,360,41.5,46.5],"area":1929.75,"segmentation":[],"iscrowd":0},{"id":78,"image_id":29,"category_id":2,"bbox":[284,298,72.5,62],"area":4495,"segmentation":[],"iscrowd":0},{"id":79,"image_id":29,"category_id":1,"bbox":[119,247,41.5,46.5],"area":1929.75,"segmentation":[],"iscrowd":0},{"id":80,"image_id":30,"category_id":2,"bbox":[303,294,30,58],"area":1740,"segmentation":[],"iscrowd":0},{"id":81,"image_id":30,"category_id":1,"bbox":[129,385,93,44.5],"area":4138.5,"segmentation":[],"iscrowd":0},{"id":82,"image_id":31,"category_id":2,"bbox":[270,276,90.5,90.5],"area":8190.25,"segmentation":[],"iscrowd":0},{"id":83,"image_id":31,"category_id":1,"bbox":[433,158,102.5,53],"area":5432.5,"segmentation":[],"iscrowd":0},{"id":84,"image_id":31,"category_id":3,"bbox":[409,395,63,71.5],"area":4504.5,"segmentation":[],"iscrowd":0},{"id":85,"image_id":31,"category_id":4,"bbox":[169,401,68.5,77.5],"area":5308.75,"segmentation":[],"iscrowd":0},{"id":86,"image_id":32,"category_id":2,"bbox":[305,304,31,38],"area":1178,"segmentation":[],"iscrowd":0},{"id":87,"image_id":32,"category_id":1,"bbox":[118,299,60,49.5],"area":2970,"segmentation":[],"iscrowd":0},{"id":88,"image_id":33,"category_id":1,"bbox":[466,336,55.5,69],"area":3829.5,"segmentation":[],"iscrowd":0},{"id":89,"image_id":33,"category_id":2,"bbox":[248,298,145.5,48.5],"area":7056.75,"segmentation":[],"iscrowd":0},{"id":90,"image_id":34,"category_id":2,"bbox":[284,298,72.5,62],"area":4495,"segmentation":[],"iscrowd":0},{"id":91,"image_id":34,"category_id":1,"bbox":[422,169,41.5,46.5],"area":1929.75,"segmentation":[],"iscrowd":0},{"id":92,"image_id":35,"category_id":2,"bbox":[255,257,72.5,62],"area":4495,"segmentation":[],"iscrowd":0},{"id":93,"image_id":35,"category_id":1,"bbox":[138,181,41.5,46.5],"area":1929.75,"segmentation":[],"iscrowd":0},{"id":94,"image_id":35,"category_id":4,"bbox":[333,394,52,65.5],"area":3406,"segmentation":[],"iscrowd":0},{"id":95,"image_id":35,"category_id":3,"bbox":[329,124,55,52.5],"area":2887.5,"segmentation":[],"iscrowd":0},{"id":96,"image_id":36,"category_id":2,"bbox":[291,304,62,63.5],"area":3937,"segmentation":[],"iscrowd":0},{"id":97,"image_id":36,"category_id":4,"bbox":[152,422,48,57.5],"area":2760,"segmentation":[],"iscrowd":0},{"id":98,"image_id":36,"category_id":3,"bbox":[409,422,92.5,59],"area":5457.5,"segmentation":[],"iscrowd":0},{"id":99,"image_id":36,"category_id":1,"bbox":[206,66,71,67.5],"area":4792.5,"segmentation":[],"iscrowd":0},{"id":100,"image_id":37,"category_id":2,"bbox":[259,283,106.5,77.5],"area":8253.75,"segmentation":[],"iscrowd":0},{"id":101,"image_id":37,"category_id":1,"bbox":[328,123,57,48],"area":2736,"segmentation":[],"iscrowd":0},{"id":102,"image_id":37,"category_id":3,"bbox":[382,371,74,72],"area":5328,"segmentation":[],"iscrowd":0},{"id":103,"image_id":37,"category_id":4,"bbox":[176,385,65,58.5],"area":3802.5,"segmentation":[],"iscrowd":0},{"id":104,"image_id":38,"category_id":2,"bbox":[275,267,70,64.5],"area":4515,"segmentation":[],"iscrowd":0},{"id":105,"image_id":38,"category_id":1,"bbox":[105,246,132,57],"area":7524,"segmentation":[],"iscrowd":0},{"id":106,"image_id":38,"category_id":4,"bbox":[118,394,87,77],"area":6699,"segmentation":[],"iscrowd":0},{"id":107,"image_id":38,"category_id":3,"bbox":[418,410,53,61],"area":3233,"segmentation":[],"iscrowd":0},{"id":108,"image_id":39,"category_id":1,"bbox":[293,92,58.5,51],"area":2983.5,"segmentation":[],"iscrowd":0},{"id":109,"image_id":39,"category_id":4,"bbox":[27,143,65,58.5],"area":3802.5,"segmentation":[],"iscrowd":0},{"id":110,"image_id":39,"category_id":3,"bbox":[561,149,64,48.5],"area":3104,"segmentation":[],"iscrowd":0},{"id":111,"image_id":39,"category_id":2,"bbox":[261,324,125.5,96],"area":12048,"segmentation":[],"iscrowd":0},{"id":112,"image_id":40,"category_id":4,"bbox":[126,450,135.5,41],"area":5555.5,"segmentation":[],"iscrowd":0},{"id":113,"image_id":40,"category_id":3,"bbox":[412,450,80.5,52],"area":4186,"segmentation":[],"iscrowd":0},{"id":114,"image_id":40,"category_id":2,"bbox":[292,317,74,47.5],"area":3515,"segmentation":[],"iscrowd":0},{"id":115,"image_id":40,"category_id":1,"bbox":[300,165,53,60.5],"area":3206.5,"segmentation":[],"iscrowd":0},{"id":116,"image_id":41,"category_id":2,"bbox":[273,283,93,75.5],"area":7021.5,"segmentation":[],"iscrowd":0},{"id":117,"image_id":41,"category_id":1,"bbox":[112,244,65,50.5],"area":3282.5,"segmentation":[],"iscrowd":0},{"id":118,"image_id":42,"category_id":2,"bbox":[284,298,72.5,62],"area":4495,"segmentation":[],"iscrowd":0},{"id":119,"image_id":42,"category_id":1,"bbox":[304,481,41.5,46.5],"area":1929.75,"segmentation":[],"iscrowd":0},{"id":120,"image_id":43,"category_id":2,"bbox":[283,268,82,87.5],"area":7175,"segmentation":[],"iscrowd":0},{"id":121,"image_id":43,"category_id":1,"bbox":[193,436,41.5,46.5],"area":1929.75,"segmentation":[],"iscrowd":0},{"id":122,"image_id":43,"category_id":4,"bbox":[194,389,52,65.5],"area":3406,"segmentation":[],"iscrowd":0},{"id":123,"image_id":43,"category_id":3,"bbox":[410,392,55,52.5],"area":2887.5,"segmentation":[],"iscrowd":0},{"id":124,"image_id":44,"category_id":2,"bbox":[284,298,72.5,62],"area":4495,"segmentation":[],"iscrowd":0},{"id":125,"image_id":44,"category_id":1,"bbox":[244,116,41.5,46.5],"area":1929.75,"segmentation":[],"iscrowd":0},{"id":126,"image_id":45,"category_id":2,"bbox":[303,292,46.5,64],"area":2976,"segmentation":[],"iscrowd":0},{"id":127,"image_id":45,"category_id":1,"bbox":[197,445,39,51.5],"area":2008.5,"segmentation":[],"iscrowd":0},{"id":128,"image_id":46,"category_id":2,"bbox":[284,298,72.5,62],"area":4495,"segmentation":[],"iscrowd":0},{"id":129,"image_id":46,"category_id":1,"bbox":[413,447,41.5,46.5],"area":1929.75,"segmentation":[],"iscrowd":0},{"id":130,"image_id":47,"category_id":2,"bbox":[320,230,79.5,85],"area":6757.5,"segmentation":[],"iscrowd":0},{"id":131,"image_id":47,"category_id":3,"bbox":[416,327,57.5,45.5],"area":2616.25,"segmentation":[],"iscrowd":0},{"id":132,"image_id":47,"category_id":4,"bbox":[262,329,46.5,44],"area":2046,"segmentation":[],"iscrowd":0},{"id":133,"image_id":47,"category_id":1,"bbox":[259,150,41,42],"area":1722,"segmentation":[],"iscrowd":0},{"id":134,"image_id":48,"category_id":2,"bbox":[262,290,118,127],"area":14986,"segmentation":[],"iscrowd":0},{"id":135,"image_id":48,"category_id":1,"bbox":[154,414,41.5,46.5],"area":1929.75,"segmentation":[],"iscrowd":0},{"id":136,"image_id":48,"category_id":4,"bbox":[197,379,52,65.5],"area":3406,"segmentation":[],"iscrowd":0},{"id":137,"image_id":48,"category_id":3,"bbox":[396,382,55,52.5],"area":2887.5,"segmentation":[],"iscrowd":0},{"id":138,"image_id":49,"category_id":2,"bbox":[295,283,71.5,43.5],"area":3110.25,"segmentation":[],"iscrowd":0},{"id":139,"image_id":49,"category_id":3,"bbox":[372,192,38.5,45],"area":1732.5,"segmentation":[],"iscrowd":0},{"id":140,"image_id":49,"category_id":4,"bbox":[354,372,53.5,47],"area":2514.5,"segmentation":[],"iscrowd":0},{"id":141,"image_id":49,"category_id":1,"bbox":[207,238,53.5,39.5],"area":2113.25,"segmentation":[],"iscrowd":0},{"id":142,"image_id":50,"category_id":2,"bbox":[292,289,58,62],"area":3596,"segmentation":[],"iscrowd":0},{"id":143,"image_id":50,"category_id":1,"bbox":[116,276,65,63],"area":4095,"segmentation":[],"iscrowd":0},{"id":144,"image_id":51,"category_id":2,"bbox":[284,298,72.5,62],"area":4495,"segmentation":[],"iscrowd":0},{"id":145,"image_id":51,"category_id":1,"bbox":[255,113,41.5,46.5],"area":1929.75,"segmentation":[],"iscrowd":0},{"id":146,"image_id":52,"category_id":2,"bbox":[306,294,35,54.5],"area":1907.5,"segmentation":[],"iscrowd":0},{"id":147,"image_id":52,"category_id":1,"bbox":[223,123,39,81.5],"area":3178.5,"segmentation":[],"iscrowd":0},{"id":148,"image_id":53,"category_id":2,"bbox":[292,290,57,65],"area":3705,"segmentation":[],"iscrowd":0},{"id":149,"image_id":53,"category_id":1,"bbox":[463,214,43.5,52.5],"area":2283.75,"segmentation":[],"iscrowd":0},{"id":150,"image_id":54,"category_id":4,"bbox":[415,398,55.5,51],"area":2830.5,"segmentation":[],"iscrowd":0},{"id":151,"image_id":54,"category_id":3,"bbox":[418,160,72.5,55.5],"area":4023.75,"segmentation":[],"iscrowd":0},{"id":152,"image_id":54,"category_id":2,"bbox":[348,261,75.5,71.5],"area":5398.25,"segmentation":[],"iscrowd":0},{"id":153,"image_id":54,"category_id":1,"bbox":[278,189,49,42.5],"area":2082.5,"segmentation":[],"iscrowd":0},{"id":154,"image_id":55,"category_id":2,"bbox":[299,262,72.5,111.5],"area":8083.75,"segmentation":[],"iscrowd":0},{"id":155,"image_id":55,"category_id":1,"bbox":[217,438,26.5,43.5],"area":1152.75,"segmentation":[],"iscrowd":0},{"id":156,"image_id":55,"category_id":4,"bbox":[232,450,31.5,43.5],"area":1370.25,"segmentation":[],"iscrowd":0},{"id":157,"image_id":55,"category_id":3,"bbox":[444,349,38.5,57.5],"area":2213.75,"segmentation":[],"iscrowd":0},{"id":158,"image_id":56,"category_id":2,"bbox":[290,295,58,55.5],"area":3219,"segmentation":[],"iscrowd":0},{"id":159,"image_id":56,"category_id":1,"bbox":[464,238,71,54.5],"area":3869.5,"segmentation":[],"iscrowd":0},{"id":160,"image_id":57,"category_id":2,"bbox":[286,296,66,52.5],"area":3465,"segmentation":[],"iscrowd":0},{"id":161,"image_id":57,"category_id":1,"bbox":[435,163,37,53.5],"area":1979.5,"segmentation":[],"iscrowd":0},{"id":162,"image_id":58,"category_id":2,"bbox":[284,298,72.5,62],"area":4495,"segmentation":[],"iscrowd":0},{"id":163,"image_id":58,"category_id":1,"bbox":[206,452,41.5,46.5],"area":1929.75,"segmentation":[],"iscrowd":0},{"id":164,"image_id":59,"category_id":2,"bbox":[294,295,60,57],"area":3420,"segmentation":[],"iscrowd":0},{"id":165,"image_id":59,"category_id":1,"bbox":[332,465,83.5,62],"area":5177,"segmentation":[],"iscrowd":0},{"id":166,"image_id":60,"category_id":2,"bbox":[284,298,72.5,62],"area":4495,"segmentation":[],"iscrowd":0},{"id":167,"image_id":60,"category_id":1,"bbox":[274,481,41.5,46.5],"area":1929.75,"segmentation":[],"iscrowd":0},{"id":168,"image_id":61,"category_id":4,"bbox":[77,211,42,42],"area":1764,"segmentation":[],"iscrowd":0},{"id":169,"image_id":61,"category_id":1,"bbox":[107,253,48.5,46.5],"area":2255.25,"segmentation":[],"iscrowd":0},{"id":170,"image_id":61,"category_id":2,"bbox":[218,371,190,127],"area":24130,"segmentation":[],"iscrowd":0},{"id":171,"image_id":61,"category_id":3,"bbox":[499,207,49.5,68.5],"area":3390.75,"segmentation":[],"iscrowd":0},{"id":172,"image_id":62,"category_id":2,"bbox":[289,268,59,104.5],"area":6165.5,"segmentation":[],"iscrowd":0},{"id":173,"image_id":62,"category_id":1,"bbox":[453,350,61,53.5],"area":3263.5,"segmentation":[],"iscrowd":0},{"id":174,"image_id":63,"category_id":1,"bbox":[276,469,64,72.5],"area":4640,"segmentation":[],"iscrowd":0},{"id":175,"image_id":63,"category_id":2,"bbox":[293,293,58,76.5],"area":4437,"segmentation":[],"iscrowd":0},{"id":176,"image_id":64,"category_id":2,"bbox":[365,249,78,127],"area":9906,"segmentation":[],"iscrowd":0},{"id":177,"image_id":64,"category_id":1,"bbox":[212,316,41.5,46.5],"area":1929.75,"segmentation":[],"iscrowd":0},{"id":178,"image_id":64,"category_id":4,"bbox":[274,449,52,65.5],"area":3406,"segmentation":[],"iscrowd":0},{"id":179,"image_id":64,"category_id":3,"bbox":[484,470,55,52.5],"area":2887.5,"segmentation":[],"iscrowd":0},{"id":180,"image_id":65,"category_id":4,"bbox":[178,397,64,72],"area":4608,"segmentation":[],"iscrowd":0},{"id":181,"image_id":65,"category_id":3,"bbox":[376,386,122,74],"area":9028,"segmentation":[],"iscrowd":0},{"id":182,"image_id":65,"category_id":2,"bbox":[279,273,65,77],"area":5005,"segmentation":[],"iscrowd":0},{"id":183,"image_id":65,"category_id":1,"bbox":[87,239,104.5,43.5],"area":4545.75,"segmentation":[],"iscrowd":0},{"id":184,"image_id":66,"category_id":1,"bbox":[430,407,64,56],"area":3584,"segmentation":[],"iscrowd":0},{"id":185,"image_id":66,"category_id":2,"bbox":[303,291,40.5,62],"area":2511,"segmentation":[],"iscrowd":0},{"id":186,"image_id":67,"category_id":4,"bbox":[67,194,73.5,85],"area":6247.5,"segmentation":[],"iscrowd":0},{"id":187,"image_id":67,"category_id":3,"bbox":[507,203,60,69.5],"area":4170,"segmentation":[],"iscrowd":0},{"id":188,"image_id":67,"category_id":2,"bbox":[260,333,132,102.5],"area":13530,"segmentation":[],"iscrowd":0},{"id":189,"image_id":67,"category_id":1,"bbox":[286,160,68,95.5],"area":6494,"segmentation":[],"iscrowd":0},{"id":190,"image_id":68,"category_id":2,"bbox":[304,197,29,32],"area":928,"segmentation":[],"iscrowd":0},{"id":191,"image_id":68,"category_id":1,"bbox":[259,139,24.5,26],"area":637,"segmentation":[],"iscrowd":0},{"id":192,"image_id":68,"category_id":4,"bbox":[308,127,21,26.5],"area":556.5,"segmentation":[],"iscrowd":0},{"id":193,"image_id":68,"category_id":3,"bbox":[345,141,33.5,25],"area":837.5,"segmentation":[],"iscrowd":0},{"id":194,"image_id":69,"category_id":2,"bbox":[284,298,72.5,62],"area":4495,"segmentation":[],"iscrowd":0},{"id":195,"image_id":69,"category_id":1,"bbox":[124,229,41.5,46.5],"area":1929.75,"segmentation":[],"iscrowd":0},{"id":196,"image_id":70,"category_id":2,"bbox":[298,288,43.5,59],"area":2566.5,"segmentation":[],"iscrowd":0},{"id":197,"image_id":70,"category_id":1,"bbox":[98,253,79.5,49.5],"area":3935.25,"segmentation":[],"iscrowd":0},{"id":198,"image_id":71,"category_id":2,"bbox":[278,256,80,55.5],"area":4440,"segmentation":[],"iscrowd":0},{"id":199,"image_id":71,"category_id":4,"bbox":[391,358,86.5,67],"area":5795.5,"segmentation":[],"iscrowd":0},{"id":200,"image_id":71,"category_id":3,"bbox":[404,139,51,68.5],"area":3493.5,"segmentation":[],"iscrowd":0},{"id":201,"image_id":71,"category_id":1,"bbox":[129,175,91.5,56.5],"area":5169.75,"segmentation":[],"iscrowd":0},{"id":202,"image_id":72,"category_id":2,"bbox":[302,299,44.5,62],"area":2759,"segmentation":[],"iscrowd":0},{"id":203,"image_id":72,"category_id":1,"bbox":[425,418,56,40],"area":2240,"segmentation":[],"iscrowd":0},{"id":204,"image_id":73,"category_id":2,"bbox":[284,298,72.5,62],"area":4495,"segmentation":[],"iscrowd":0},{"id":205,"image_id":73,"category_id":1,"bbox":[143,388,31,46.5],"area":1441.5,"segmentation":[],"iscrowd":0},{"id":206,"image_id":74,"category_id":2,"bbox":[273,254,57.5,51],"area":2932.5,"segmentation":[],"iscrowd":0},{"id":207,"image_id":74,"category_id":4,"bbox":[196,337,46,43.5],"area":2001,"segmentation":[],"iscrowd":0},{"id":208,"image_id":74,"category_id":4,"bbox":[203,319,67.5,46],"area":3105,"segmentation":[],"iscrowd":0},{"id":209,"image_id":74,"category_id":3,"bbox":[338,322,59,41],"area":2419,"segmentation":[],"iscrowd":0},{"id":210,"image_id":75,"category_id":2,"bbox":[284,298,72.5,62],"area":4495,"segmentation":[],"iscrowd":0},{"id":211,"image_id":75,"category_id":1,"bbox":[326,114,41.5,46.5],"area":1929.75,"segmentation":[],"iscrowd":0},{"id":212,"image_id":76,"category_id":1,"bbox":[284,395,51,52],"area":2652,"segmentation":[],"iscrowd":0},{"id":213,"image_id":76,"category_id":4,"bbox":[287,392,39.5,38.5],"area":1520.75,"segmentation":[],"iscrowd":0},{"id":214,"image_id":76,"category_id":2,"bbox":[283,284,51,50.5],"area":2575.5,"segmentation":[],"iscrowd":0},{"id":215,"image_id":76,"category_id":3,"bbox":[381,292,56,33],"area":1848,"segmentation":[],"iscrowd":0},{"id":216,"image_id":77,"category_id":4,"bbox":[302,398,57,73],"area":4161,"segmentation":[],"iscrowd":0},{"id":217,"image_id":77,"category_id":2,"bbox":[268,266,113,97],"area":10961,"segmentation":[],"iscrowd":0},{"id":218,"image_id":77,"category_id":1,"bbox":[453,290,64,37.5],"area":2400,"segmentation":[],"iscrowd":0},{"id":219,"image_id":77,"category_id":3,"bbox":[422,286,58.5,56],"area":3276,"segmentation":[],"iscrowd":0},{"id":220,"image_id":78,"category_id":2,"bbox":[300,295,39,53.5],"area":2086.5,"segmentation":[],"iscrowd":0},{"id":221,"image_id":78,"category_id":1,"bbox":[311,477,49.5,52.5],"area":2598.75,"segmentation":[],"iscrowd":0},{"id":222,"image_id":79,"category_id":2,"bbox":[284,298,72.5,62],"area":4495,"segmentation":[],"iscrowd":0},{"id":223,"image_id":79,"category_id":1,"bbox":[439,175,41.5,46.5],"area":1929.75,"segmentation":[],"iscrowd":0},{"id":224,"image_id":80,"category_id":4,"bbox":[428,385,53.5,48.5],"area":2594.75,"segmentation":[],"iscrowd":0},{"id":225,"image_id":80,"category_id":3,"bbox":[429,133,73.5,84.5],"area":6210.75,"segmentation":[],"iscrowd":0},{"id":226,"image_id":80,"category_id":2,"bbox":[368,250,57,65],"area":3705,"segmentation":[],"iscrowd":0},{"id":227,"image_id":80,"category_id":1,"bbox":[247,170,42.5,54.5],"area":2316.25,"segmentation":[],"iscrowd":0},{"id":228,"image_id":81,"category_id":2,"bbox":[284,298,72.5,62],"area":4495,"segmentation":[],"iscrowd":0},{"id":229,"image_id":81,"category_id":1,"bbox":[464,382,41.5,46.5],"area":1929.75,"segmentation":[],"iscrowd":0},{"id":230,"image_id":82,"category_id":2,"bbox":[281,264,88,110.5],"area":9724,"segmentation":[],"iscrowd":0},{"id":231,"image_id":82,"category_id":3,"bbox":[389,380,99,49.5],"area":4900.5,"segmentation":[],"iscrowd":0},{"id":232,"image_id":82,"category_id":1,"bbox":[156,357,102,61],"area":6222,"segmentation":[],"iscrowd":0},{"id":233,"image_id":82,"category_id":4,"bbox":[154,376,56,58],"area":3248,"segmentation":[],"iscrowd":0},{"id":234,"image_id":83,"category_id":2,"bbox":[294,293,58,62],"area":3596,"segmentation":[],"iscrowd":0},{"id":235,"image_id":83,"category_id":1,"bbox":[212,125,72.5,54.5],"area":3951.25,"segmentation":[],"iscrowd":0},{"id":236,"image_id":84,"category_id":2,"bbox":[299,295,50.5,56],"area":2828,"segmentation":[],"iscrowd":0},{"id":237,"image_id":84,"category_id":1,"bbox":[358,473,58,49.5],"area":2871,"segmentation":[],"iscrowd":0},{"id":238,"image_id":85,"category_id":4,"bbox":[131,264,67.5,67.5],"area":4556.25,"segmentation":[],"iscrowd":0},{"id":239,"image_id":85,"category_id":3,"bbox":[425,264,108.5,67.5],"area":7323.75,"segmentation":[],"iscrowd":0},{"id":240,"image_id":85,"category_id":2,"bbox":[275,356,95,70.5],"area":6697.5,"segmentation":[],"iscrowd":0},{"id":241,"image_id":85,"category_id":1,"bbox":[147,242,99,91.5],"area":9058.5,"segmentation":[],"iscrowd":0},{"id":242,"image_id":86,"category_id":2,"bbox":[284,298,72.5,62],"area":4495,"segmentation":[],"iscrowd":0},{"id":243,"image_id":86,"category_id":1,"bbox":[481,259,41.5,46.5],"area":1929.75,"segmentation":[],"iscrowd":0},{"id":244,"image_id":87,"category_id":2,"bbox":[300,300,62,63.5],"area":3937,"segmentation":[],"iscrowd":0},{"id":245,"image_id":87,"category_id":4,"bbox":[157,421,74.5,70],"area":5215,"segmentation":[],"iscrowd":0},{"id":246,"image_id":87,"category_id":3,"bbox":[409,423,92.5,59],"area":5457.5,"segmentation":[],"iscrowd":0},{"id":247,"image_id":87,"category_id":1,"bbox":[360,74,71,67.5],"area":4792.5,"segmentation":[],"iscrowd":0},{"id":248,"image_id":88,"category_id":2,"bbox":[284,298,72.5,62],"area":4495,"segmentation":[],"iscrowd":0},{"id":249,"image_id":88,"category_id":1,"bbox":[167,161,41.5,46.5],"area":1929.75,"segmentation":[],"iscrowd":0},{"id":250,"image_id":89,"category_id":2,"bbox":[284,298,72.5,62],"area":4495,"segmentation":[],"iscrowd":0},{"id":251,"image_id":89,"category_id":1,"bbox":[239,121,41.5,46.5],"area":1929.75,"segmentation":[],"iscrowd":0},{"id":252,"image_id":90,"category_id":2,"bbox":[284,298,72.5,62],"area":4495,"segmentation":[],"iscrowd":0},{"id":253,"image_id":90,"category_id":1,"bbox":[469,352,41.5,46.5],"area":1929.75,"segmentation":[],"iscrowd":0},{"id":254,"image_id":91,"category_id":2,"bbox":[293,292,61,66],"area":4026,"segmentation":[],"iscrowd":0},{"id":255,"image_id":91,"category_id":1,"bbox":[372,439,96,68],"area":6528,"segmentation":[],"iscrowd":0},{"id":256,"image_id":92,"category_id":4,"bbox":[118,266,134.5,79],"area":10625.5,"segmentation":[],"iscrowd":0},{"id":257,"image_id":92,"category_id":3,"bbox":[396,279,133.5,61],"area":8143.5,"segmentation":[],"iscrowd":0},{"id":258,"image_id":92,"category_id":1,"bbox":[296,185,45,77],"area":3465,"segmentation":[],"iscrowd":0},{"id":259,"image_id":92,"category_id":2,"bbox":[260,356,110,83],"area":9130,"segmentation":[],"iscrowd":0},{"id":260,"image_id":93,"category_id":3,"bbox":[412,380,101,68],"area":6868,"segmentation":[],"iscrowd":0},{"id":261,"image_id":93,"category_id":4,"bbox":[117,380,121.5,63.5],"area":7715.25,"segmentation":[],"iscrowd":0},{"id":262,"image_id":93,"category_id":2,"bbox":[259,261,123.5,114],"area":14079,"segmentation":[],"iscrowd":0},{"id":263,"image_id":93,"category_id":1,"bbox":[138,394,47.5,32.5],"area":1543.75,"segmentation":[],"iscrowd":0},{"id":264,"image_id":94,"category_id":2,"bbox":[294,287,62,63.5],"area":3937,"segmentation":[],"iscrowd":0},{"id":265,"image_id":94,"category_id":4,"bbox":[170,403,48,57.5],"area":2760,"segmentation":[],"iscrowd":0},{"id":266,"image_id":94,"category_id":3,"bbox":[407,396,92.5,59],"area":5457.5,"segmentation":[],"iscrowd":0},{"id":267,"image_id":94,"category_id":1,"bbox":[335,88,71,67.5],"area":4792.5,"segmentation":[],"iscrowd":0},{"id":268,"image_id":95,"category_id":2,"bbox":[284,298,72.5,62],"area":4495,"segmentation":[],"iscrowd":0},{"id":269,"image_id":95,"category_id":1,"bbox":[114,246,41.5,46.5],"area":1929.75,"segmentation":[],"iscrowd":0},{"id":270,"image_id":96,"category_id":2,"bbox":[294,285,55.5,72.5],"area":4023.75,"segmentation":[],"iscrowd":0},{"id":271,"image_id":96,"category_id":1,"bbox":[426,431,42.5,50.5],"area":2146.25,"segmentation":[],"iscrowd":0},{"id":272,"image_id":97,"category_id":1,"bbox":[462,329,63,63],"area":3969,"segmentation":[],"iscrowd":0},{"id":273,"image_id":97,"category_id":2,"bbox":[269,289,95,67],"area":6365,"segmentation":[],"iscrowd":0},{"id":274,"image_id":98,"category_id":2,"bbox":[284,298,72.5,62],"area":4495,"segmentation":[],"iscrowd":0},{"id":275,"image_id":98,"category_id":1,"bbox":[113,261,41.5,46.5],"area":1929.75,"segmentation":[],"iscrowd":0},{"id":276,"image_id":99,"category_id":4,"bbox":[196,284,29,39],"area":1131,"segmentation":[],"iscrowd":0},{"id":277,"image_id":99,"category_id":3,"bbox":[321,289,34,37],"area":1258,"segmentation":[],"iscrowd":0},{"id":278,"image_id":99,"category_id":2,"bbox":[243,227,70,67],"area":4690,"segmentation":[],"iscrowd":0},{"id":279,"image_id":99,"category_id":1,"bbox":[236,146,63,49],"area":3087,"segmentation":[],"iscrowd":0},{"id":280,"image_id":100,"category_id":2,"bbox":[284,298,72.5,62],"area":4495,"segmentation":[],"iscrowd":0},{"id":281,"image_id":100,"category_id":1,"bbox":[235,468,41.5,46.5],"area":1929.75,"segmentation":[],"iscrowd":0}]}